代號,名稱,現價,距低點(%),訊號,新聞快訊,AI備註,綜合建議
1101,台泥,22.1,8.3,⚡ 底部翻揚,台泥砸27億成立孫公司參與台中市焚化廠興建營運| 產經 - 中央社 CNA,🔴 偏多 (買超),⚡ 底部翻揚
1102,亞泥,38.85,9.6,⚡ 底部翻揚,台灣企業永續獎／亞泥再添六項殊榮 - 經濟日報,消息中性,⚡ 底部翻揚
1103,嘉泥,13.95,8.6,⚡ 底部翻揚,嘉泥揭4321藍圖旅宿帶動成長、匯率影響有限| 產經 - 中央社 CNA,"🔴 偏多 (成長,營收)",⚡ 底部翻揚
1104,環泥,31.65,22.2,🔥 即將創高,前3季EPS逼近最高點！「這檔」股價連飆6天榮登強勢股王 環泥、合富-KY也在榜上 - Yahoo,🔴 偏多 (強勢),🔥 即將創高
1108,幸福,14.95,17.3,🔥 即將創高,台、芬加分，幸福滿分 芬蘭商務辦事處代表 Lauri Raunio - 台灣光華雜誌 Taiwan Panorama,消息中性,🔥 即將創高
1109,信大,15.55,1.3,🟢 歷史極低,,-,🟢 歷史極低
1110,東泥,16.6,2.8,🟢 歷史極低,,-,🟢 歷史極低
1201,味全,14.9,0.7,🟢 歷史極低,,-,🟢 歷史極低
1203,味王,39.6,13.5,💤 低檔盤整,,-,💤 低檔盤整
1210,大成,52.0,2.0,🟢 歷史極低,,-,🟢 歷史極低
1215,卜蜂,141.5,52.2,🔥 即將創高,卜蜂前3季獲利同期新高2.85億加碼台南農場擴產| 產經 - 中央社 CNA,🔴 偏多 (獲利),🔥 即將創高
1216,統一,76.6,2.8,🟢 歷史極低,,-,🟢 歷史極低
1217,愛之味,10.35,2.5,🟢 歷史極低,,-,🟢 歷史極低
1218,泰山,18.15,1.1,🟢 歷史極低,,-,🟢 歷史極低
1219,福壽,13.65,6.2,⚡ 底部翻揚,谷關燈節一路賞楓到福壽山 - 中華新聞雲／中華日報,🔴 偏多 (獲利),⚡ 底部翻揚
1220,台榮,12.55,1.6,🟢 歷史極低,,-,🟢 歷史極低
1227,佳格,30.75,2.2,🟢 歷史極低,,-,🟢 歷史極低
1231,聯華食,100.0,7.3,⚡ 底部翻揚,【2025/10月營收公告】聯華食(1231) 十月營收10.58億元，年增0.95％ - CMoney,🔴 偏多 (營收),⚡ 底部翻揚
1232,大統益,144.0,0.7,🟢 歷史極低,,-,🟢 歷史極低
1301,台塑,41.55,31.3,🔥 即將創高,台塑四寶發動！南亞傳報價調漲股價漲停慶賀 分析師喊：還有集團做帳行清 - Yahoo,🔴 偏多 (漲停),🔥 即將創高
1303,南亞,56.2,110.9,🔥 即將創高,南亞科違約交割2646萬，股價178→133元10天跌3成…強心臟股民問現在能搶買？億元教授開釋 - 今周刊,🔴 偏多 (漲停),🔥 即將創高
1305,華夏,10.8,14.8,⚡ 底部翻揚,"""蔣亮話""專訪李克明博士 暢談華夏經典中的智慧 啟發美好人生 - 東森美洲電視ETTV America",消息中性,⚡ 底部翻揚
1307,三芳,33.8,15.0,⚡ 底部翻揚,今日最夯股／三芳開高收高 自營商獨買看見了什麼？ | 市場焦點 | 證券 - 經濟日報,消息中性,⚡ 底部翻揚
1309,台達化,11.0,10.4,⚡ 底部翻揚,台達化多元拓市產銷最大化- 日報 - 工商時報,消息中性,⚡ 底部翻揚
1315,達新,64.7,1.4,🟢 歷史極低,,-,🟢 歷史極低
1319,東陽,99.1,9.0,⚡ 底部翻揚,車用零件大廠東陽10月營收21億元、年減2% - Yahoo,"🔴 偏多 (營收,旺季,漲停)",⚡ 底部翻揚
1321,大洋,36.0,12.9,⚡ 底部翻揚,冬遊歐洲的新選擇！大洋郵輪推出首個地中海冬季航程，瑰麗號 2027 - 28 年亮相 - Storm.mg,消息中性,⚡ 底部翻揚
1323,永裕,19.6,8.0,💤 低檔盤整,,-,💤 低檔盤整
1324,地球,10.5,0.5,🟢 歷史極低,,-,🟢 歷史極低
1326,台化,33.15,49.7,🐂 強勢多頭,,-,🐂 強勢多頭
1338,廣華-KY,20.4,2.0,🟢 歷史極低,,-,🟢 歷史極低
1339,昭輝,46.2,12.7,⚡ 底部翻揚,AM汽零旺季昭輝Q4有看頭- 日報 - 工商時報,"🔴 偏多 (旺季,營收,衰退)",⚡ 底部翻揚
1342,八貫,85.6,10.5,⚡ 底部翻揚,八貫受匯損衝擊第2季獲利腰斬估第3季毛利率反彈| 證券 - 中央社 CNA,"🔴 偏多 (獲利,營收)",⚡ 底部翻揚
1402,遠東新,28.05,5.8,💤 低檔盤整,,-,💤 低檔盤整
1409,新纖,15.85,44.1,🐂 強勢多頭,,-,🐂 強勢多頭
1414,東和,17.6,17.7,💤 低檔盤整,,-,💤 低檔盤整
1419,新紡,70.8,85.3,🐂 強勢多頭,,-,🐂 強勢多頭
1423,利華,38.7,20.6,🔥 即將創高,聯合利華以零售數據取得成功的配方 - The Trade Desk,消息中性,🔥 即將創高
1434,福懋,15.75,7.9,⚡ 底部翻揚,福懋Q4入產品季節轉換，全年營收估小幅衰退- 新聞 - MoneyDJ,消息中性,⚡ 底部翻揚
1436,華友聯,65.2,7.9,⚡ 底部翻揚,華友聯與三井集團第三度攜手 高雄亞灣建案總銷上看80億 - Yahoo,🔴 偏多 (獲利),⚡ 底部翻揚
1437,勤益控,32.6,13.2,⚡ 底部翻揚,1437 勤益控- 勤益控股收益光環短暫？｜CMoney 股市爆料同學會 - CMoney,"🔴 偏多 (營收,成長)",⚡ 底部翻揚
1438,三地開發,34.1,3.5,🟢 歷史極低,,-,🟢 歷史極低
1440,南紡,13.85,31.3,🐂 強勢多頭,,-,🐂 強勢多頭
1441,大東,10.7,0.0,🟢 歷史極低,,-,🟢 歷史極低
1442,名軒,33.25,8.0,⚡ 底部翻揚,營建族群疲弱 名軒、上曜同挫逾3% 分析師：短線不宜承接 - Yahoo,🟢 偏空 (疲弱),⚡ 底部翻揚
1443,立益物流,27.35,2.6,🟢 歷史極低,,-,🟢 歷史極低
1444,力麗,6.01,0.3,🟢 歷史極低,,-,🟢 歷史極低
1446,宏和,17.9,2.3,🟢 歷史極低,,-,🟢 歷史極低
1447,力鵬,5.4,2.1,🟢 歷史極低,,-,🟢 歷史極低
1449,佳和,10.2,2.9,🟢 歷史極低,,-,🟢 歷史極低
1451,年興,17.35,6.4,⚡ 底部翻揚,紡織疊加關稅高達40%？年興重挫慘跌停 專家：景氣復甦需兩年 - Yahoo,"🟢 偏空 (重挫,跌停)",⚡ 底部翻揚
1452,宏益,11.75,5.4,⚡ 底部翻揚,老字號美食「宏益水晶餃」南北2店歇業掀回憶潮 嘉義街頭新店家搶客 - 聯合新聞網,🔴 偏多 (營收),⚡ 底部翻揚
1453,大將,12.35,2.5,🟢 歷史極低,,-,🟢 歷史極低
1455,集盛,7.61,-0.5,🟢 歷史極低,,-,🟢 歷史極低
1457,宜進,16.1,0.3,🟢 歷史極低,,-,🟢 歷史極低
1460,宏遠,5.8,5.3,⚡ 底部翻揚,台灣企業永續獎／宏遠一舉拿三獎 - 經濟日報,消息中性,⚡ 底部翻揚
1463,強盛,19.05,12.4,⚡ 底部翻揚,強盛新轉型投控公司 重組染整與不動產兩大業務 - Yahoo,消息中性,⚡ 底部翻揚
1464,得力,11.4,6.5,⚡ 底部翻揚,【公告】得力代子公司浙江福發紡織有限公司公告董事會決議現金減資事宜 - Yahoo,消息中性,⚡ 底部翻揚
1465,偉全,12.7,1.2,🟢 歷史極低,,-,🟢 歷史極低
1466,聚隆,14.4,15.7,💤 低檔盤整,,-,💤 低檔盤整
1467,南緯,6.98,0.3,🟢 歷史極低,,-,🟢 歷史極低
1468,昶和,11.55,2.2,🟢 歷史極低,,-,🟢 歷史極低
1471,首利,8.89,6.1,⚡ 底部翻揚,首利實業股份有限公司 - MoneyDJ,"🔴 偏多 (營收,買超,漲停)",⚡ 底部翻揚
1473,台南,24.5,1.7,🟢 歷史極低,,-,🟢 歷史極低
1474,弘裕,11.55,6.9,💤 低檔盤整,,-,💤 低檔盤整
1475,業旺,36.9,15.0,💤 低檔盤整,,-,💤 低檔盤整
1506,正道,11.75,8.8,⚡ 底部翻揚,巴拉圭外交次長：願向世界證明與台灣同行才是正道| 政治 - 中央社 CNA,"🔴 偏多 (強勢,漲停)",⚡ 底部翻揚
1515,力山,27.55,16.2,💤 低檔盤整,,-,💤 低檔盤整
1516,川飛,20.25,45.7,🐂 強勢多頭,,-,🐂 強勢多頭
1519,華城,729.0,126.7,🐂 強勢多頭,,-,🐂 強勢多頭
1521,大億,24.5,14.5,⚡ 底部翻揚,台南新地標！希爾頓酒店「Signia by Hilton」接手大億麗緻舊址，預計2026開幕 - Bella.tw儂儂,消息中性,⚡ 底部翻揚
1524,耿鼎,29.9,8.7,⚡ 底部翻揚,《業績-汽車》耿鼎10月營收為2.24億元，年減16.14%｜新聞快訊｜豐雲學堂 - sinotrade.com.tw,🔴 偏多 (營收),⚡ 底部翻揚
1525,江申,65.4,12.8,⚡ 底部翻揚,江申看旺2026年電巴需求突破千輛 BMW電池箱最快4Q26挹注營收 - DIGITIMES,"🔴 偏多 (營收,創高)",⚡ 底部翻揚
1527,鑽全,33.15,6.1,⚡ 底部翻揚,鑽全Q3營收看增，等待美國降息- 新聞 - MoneyDJ,🔴 偏多 (營收),⚡ 底部翻揚
1529,樂事綠能,19.15,5.2,⚡ 底部翻揚,【25Q3財報公告】樂事綠能(1529) Q3 營收2.0511億元，連2季衰退，季減 1.85％、年成長 34.76％ - CMoney,"🔴 偏多 (營收,成長,衰退,法說)",⚡ 底部翻揚
1531,高林股,11.75,10.3,⚡ 底部翻揚,颱風影響台股 高林股漲停 - CMoney,"🔴 偏多 (漲停,營收,衰退)",⚡ 底部翻揚
1535,中宇,54.9,12.4,⚡ 底部翻揚,個股：中宇(1535)11/26參加富邦證券舉辦之中鋼集團線上聯合法說會 - 富聯網,🔴 偏多 (法說),⚡ 底部翻揚
1536,和大,58.4,23.6,💤 低檔盤整,,-,💤 低檔盤整
1537,廣隆,124.5,2.9,🟢 歷史極低,,-,🟢 歷史極低
1539,巨庭,17.2,7.8,⚡ 底部翻揚,巨庭通過配息0.85元；關注非中轉單機會 - 新聞 - MoneyDJ,消息中性,⚡ 底部翻揚
1540,喬福,21.9,5.3,⚡ 底部翻揚,喬福Q4營收看穩，明年可望較今年成長- 新聞 - MoneyDJ,"🔴 偏多 (營收,成長)",⚡ 底部翻揚
1541,錩泰,23.75,17.3,💤 低檔盤整,,-,💤 低檔盤整
1558,伸興,98.9,11.1,⚡ 底部翻揚,伸興(1558)-元大-高雄 - 券商分點進出買賣統計｜股市爆料同學會 - CMoney,🔴 偏多 (營收),⚡ 底部翻揚
1560,中砂,318.5,93.0,🐂 強勢多頭,,-,🐂 強勢多頭
1563,巧新,41.2,1.7,🟢 歷史極低,,-,🟢 歷史極低
1568,倉佑,21.2,6.3,💤 低檔盤整,,-,💤 低檔盤整
1582,信錦,68.0,5.1,⚡ 底部翻揚,東協財經／信錦前3季獲利年減4成明年審慎樂觀強化布局東南亞| 證券 - 中央社 CNA,"🔴 偏多 (獲利,成長)",⚡ 底部翻揚
1583,程泰,45.15,8.0,⚡ 底部翻揚,(1583)程泰機械法說會 2025/11、程泰機械展望、程泰機械財報、程泰機械投資亮點｜理柴知道:法說最速報! - 方格子 - vocus,🔴 偏多 (法說),⚡ 底部翻揚
1587,吉茂,43.0,89.8,🔥 即將創高,車用、非車用挹注，吉茂明年營收續攀峰- 新聞 - MoneyDJ,"🔴 偏多 (營收,獲利)",🔥 即將創高
1589,永冠-KY,17.55,4.2,🟢 歷史極低,,-,🟢 歷史極低
1590,亞德客-KY,897.0,32.9,🐂 強勢多頭,,-,🐂 強勢多頭
1597,直得,73.3,19.8,💤 低檔盤整,,-,💤 低檔盤整
1598,岱宇,22.2,11.8,⚡ 底部翻揚,岱宇Q3毛利率跳升單季轉盈；Q4期家/商用同加溫- 新聞 - MoneyDJ,"🔴 偏多 (法說,獲利)",⚡ 底部翻揚
1603,華電,37.75,46.6,🐂 強勢多頭,,-,🐂 強勢多頭
1604,聲寶,24.6,1.0,🟢 歷史極低,,-,🟢 歷史極低
1608,華榮,34.9,84.2,🐂 強勢多頭,,-,🐂 強勢多頭
1611,中電,12.4,11.7,⚡ 底部翻揚,中電全方位保供電為全運會護航 支持使用零碳電力 貫徹「綠色全運」 - 點新聞,消息中性,⚡ 底部翻揚
1614,三洋電,34.1,1.0,🟢 歷史極低,,-,🟢 歷史極低
1615,大山,48.3,6.4,⚡ 底部翻揚,57歲女攀南湖大山疑肺水腫空勤直升機馳援送醫| 社會 - 中央社 CNA,消息中性,⚡ 底部翻揚
1617,榮星,14.3,5.5,⚡ 底部翻揚,信義房屋評榮星花園生活圈 被低估的宜居處 - MSN,消息中性,⚡ 底部翻揚
1626,艾美特-KY,12.3,13.4,⚡ 底部翻揚,艾美特-KY(1626)- - 券商分點進出買賣統計｜股市爆料同學會 - CMoney,消息中性,⚡ 底部翻揚
1702,南僑,37.85,2.0,🟢 歷史極低,,-,🟢 歷史極低
1707,葡萄王,129.0,5.7,⚡ 底部翻揚,葡萄王三度奪下TCSA大獎 永續治理成企業成長核心引擎 - Yahoo,🔴 偏多 (成長),⚡ 底部翻揚
1708,東鹼,32.65,12.2,⚡ 底部翻揚,【12:36 即時新聞】東鹼(1708)盤中強彈4.45%，短線反彈但籌碼偏弱，法人買盤力道有限，營收題材暫未發酵 - cmnews.com.tw,🔴 偏多 (營收),⚡ 底部翻揚
1709,和益,16.75,4.4,🟢 歷史極低,,-,🟢 歷史極低
1710,東聯,12.05,8.1,⚡ 底部翻揚,企業永續》東聯化學扮綠色材料領頭羊- 產業特刊- 工商時報 - chinatimes.com,消息中性,⚡ 底部翻揚
1712,興農,42.85,13.1,⚡ 底部翻揚,院士田間閱卷小院競優興農--經濟·科技--人民網 - 人民网财经,消息中性,⚡ 底部翻揚
1713,國化,42.95,0.0,🟢 歷史極低,,-,🟢 歷史極低
1714,和桐,8.15,10.6,⚡ 底部翻揚,和桐化學股份有限公司 - MoneyDJ,"🔴 偏多 (營收,強勢,買超)",⚡ 底部翻揚
1717,長興,39.55,66.2,🐂 強勢多頭,,-,🐂 強勢多頭
1720,生達,63.0,22.3,🔥 即將創高,(1720) 生達化學製藥法說會 2025/11、生達展望、生達財報、生達投資亮點｜理柴知道:法說最速報! - 方格子 - vocus,"🔴 偏多 (法說,營收,成長)",🔥 即將創高
1721,三晃,11.15,12.6,⚡ 底部翻揚,1721 三晃- 三晃投入電子化學品可否翻身？｜CMoney 股市爆料同學會 - CMoney,"🔴 偏多 (法說,漲停)",⚡ 底部翻揚
1722,台肥,47.05,3.0,🟢 歷史極低,,-,🟢 歷史極低
1723,中碳,73.8,1.4,🟢 歷史極低,,-,🟢 歷史極低
1725,元禎,26.2,9.9,⚡ 底部翻揚,《集中市場十大漲幅》 元 禎、環 科、康霈*、天二科、冠星KY｜新聞快訊｜豐雲學堂 - sinotrade.com.tw,🔴 偏多 (獲利),⚡ 底部翻揚
1726,永記,76.0,7.6,🔥 即將創高,《化工股》永記11月10日Q3財報董事會｜新聞快訊｜豐雲學堂 - sinotrade.com.tw,"🔴 偏多 (法說,營收,衰退)",🔥 即將創高
1727,中華化,40.55,106.4,🐂 強勢多頭,,-,🐂 強勢多頭
1731,美吾華,21.8,7.9,💤 低檔盤整,,-,💤 低檔盤整
1732,毛寶,29.05,44.5,🐂 強勢多頭,,-,🐂 強勢多頭
1733,五鼎,30.25,14.2,💤 低檔盤整,,-,💤 低檔盤整
1734,杏輝,31.15,10.9,⚡ 底部翻揚,善待肌膚，也善待地球：杏輝 開啟「科學美肌」時代 - 墨新聞-MORE News,消息中性,⚡ 底部翻揚
1737,臺鹽,31.65,6.6,💤 低檔盤整,,-,💤 低檔盤整
1762,中化生,24.8,4.4,🟢 歷史極低,,-,🟢 歷史極低
1776,展宇,15.1,1.3,🟢 歷史極低,,-,🟢 歷史極低
1786,科妍,82.3,10.6,⚡ 底部翻揚,焦點股：科妍國際市場拓展有成，醫用及醫美雙軌並進， 明年營運看俏 - MSN,🔴 偏多 (營收),⚡ 底部翻揚
1789,神隆,17.55,7.3,⚡ 底部翻揚,神隆搶攻高價值產品 - 聯合新聞網,"🔴 偏多 (營收,獲利,法說)",⚡ 底部翻揚
1795,美時,317.5,80.4,🚀 突破新高,〈焦點股〉美時血癌藥迎出貨高峰、明年Q1有望併Alvogen 漲逾半根停板 - news.cnyes.com,消息中性,🚀 突破新高
1802,台玻,33.1,171.3,🐂 強勢多頭,,-,🐂 強勢多頭
1805,寶徠,12.15,20.9,💤 低檔盤整,,-,💤 低檔盤整
1806,冠軍,9.01,3.3,🟢 歷史極低,,-,🟢 歷史極低
1817,凱撒衛,38.55,2.7,🟢 歷史極低,,-,🟢 歷史極低
1905,華紙,12.2,8.9,⚡ 底部翻揚,華紙：短纖漿價持續上漲 Q4 審慎有望好一點 - MSN,消息中性,⚡ 底部翻揚
2002,中鋼,18.2,3.1,🟢 歷史極低,,-,🟢 歷史極低
2008,高興昌,29.4,33.6,🔥 即將創高,內外銷接單略高於2024年 高興昌連續3年獲利 每股配發現金股利0.5元 - 視傳媒,🔴 偏多 (獲利),🔥 即將創高
2012,春雨,15.4,2.7,🟢 歷史極低,,-,🟢 歷史極低
2013,中鋼構,42.0,5.5,⚡ 底部翻揚,中鋼構在手訂單維持高檔 - 經濟日報,"🔴 偏多 (營收,法說)",⚡ 底部翻揚
2014,中鴻,15.25,10.5,⚡ 底部翻揚,中鴻：鋼市有望溫和回升 - 經濟日報,"🔴 偏多 (成長,法說)",⚡ 底部翻揚
2015,豐興,62.7,13.4,⚡ 底部翻揚,豐興鋼品價 全面開平盤｜新聞快訊｜豐雲學堂 - sinotrade.com.tw,消息中性,⚡ 底部翻揚
2017,官田鋼,8.85,6.1,⚡ 底部翻揚,【公告】官田鋼受邀參加「統一證券聯合法人說明會」。 - Yahoo,消息中性,⚡ 底部翻揚
2020,美亞,23.05,5.3,⚡ 底部翻揚,200棵聖誕樹、20萬盞燈海！杜拜卓美亞古堡酒店群打造夢幻的冬日假期 | 旅人生活 | 品味 - 經濟日報,消息中性,⚡ 底部翻揚
2023,燁輝,14.9,8.4,⚡ 底部翻揚,鋼市主基調持穩 燁輝11 月內銷平盤 - MSN,消息中性,⚡ 底部翻揚
2025,千興,9.17,1.8,🟢 歷史極低,,-,🟢 歷史極低
2027,大成鋼,38.2,16.3,💤 低檔盤整,,-,💤 低檔盤整
2028,威致,16.4,8.6,⚡ 底部翻揚,2028 威致- 中鋼佈局新鋼鐵需求核心｜CMoney 股市爆料同學會 - CMoney,消息中性,⚡ 底部翻揚
2029,盛餘,20.7,3.2,🟢 歷史極低,,-,🟢 歷史極低
2030,彰源,13.8,1.5,🟢 歷史極低,,-,🟢 歷史極低
2031,新光鋼,39.1,8.3,⚡ 底部翻揚,37歲新光鋼少主粟有容接班倒數，營收再戰新高！淡江大橋、iPhone機殼...父子傳承「知難而進」：誓當鋼鐵業Costco - 今周刊,"🔴 偏多 (營收,獲利)",⚡ 底部翻揚
2032,新鋼,14.3,5.9,⚡ 底部翻揚,新鋼看好盤價開平高鋼市第4季可望轉趨樂觀| 產經 - 中央社 CNA,"🔴 偏多 (漲停,營收,成長)",⚡ 底部翻揚
2033,佳大,15.6,3.3,🟢 歷史極低,,-,🟢 歷史極低
2034,允強,20.55,10.2,⚡ 底部翻揚,允強挺田中馬 董座張金鈺領跑 - 經濟日報,"🔴 偏多 (成長,獲利)",⚡ 底部翻揚
2038,海光,13.9,6.9,⚡ 底部翻揚,2038 海光 - 海光鋼鐵夢仍是空中樓閣？｜CMoney 股市爆料同學會 - CMoney,🔴 偏多 (營收),⚡ 底部翻揚
2049,上銀,189.0,5.6,⚡ 底部翻揚,上銀集團上銀、大銀微系統分別獲台灣精品獎銀質獎、金質獎- 產業 - 工商時報,🔴 偏多 (成長),⚡ 底部翻揚
2059,川湖,3605.0,199.2,🐂 強勢多頭,,-,🐂 強勢多頭
2062,橋椿,20.5,6.5,⚡ 底部翻揚,橋椿買下1.1萬坪中科廠房閃電進駐 預計5月中完成點交 - Yahoo奇摩,消息中性,⚡ 底部翻揚
2102,泰豐,20.0,31.6,🐂 強勢多頭,,-,🐂 強勢多頭
2103,台橡,15.25,12.1,⚡ 底部翻揚,台橡進擊 布局雙高領域 - 聯合新聞網,🔴 偏多 (法說),⚡ 底部翻揚
2104,國際中橡,9.87,5.1,⚡ 底部翻揚,國際中橡(2104)- - 券商分點進出買賣統計｜股市爆料同學會 - CMoney,消息中性,⚡ 底部翻揚
2105,正新,32.0,2.1,🟢 歷史極低,,-,🟢 歷史極低
2106,建大,20.3,2.3,🟢 歷史極低,,-,🟢 歷史極低
2107,厚生,23.7,1.5,🟢 歷史極低,,-,🟢 歷史極低
2108,南帝,23.3,8.6,⚡ 底部翻揚,【13:04 即時新聞】南帝(2108)盤中強彈5%，防疫題材帶動逆勢走揚，短線籌碼仍偏弱，留意疫情高峰期資金輪動 - cmnews.com.tw,消息中性,⚡ 底部翻揚
2115,六暉-KY,25.1,0.4,🟢 歷史極低,,-,🟢 歷史極低
2201,裕隆,36.0,14.8,💤 低檔盤整,,-,💤 低檔盤整
2204,中華,60.8,16.0,💤 低檔盤整,,-,💤 低檔盤整
2206,三陽工業,62.5,3.6,🟢 歷史極低,,-,🟢 歷史極低
2207,和泰車,602.0,12.1,💤 低檔盤整,,-,💤 低檔盤整
2211,長榮鋼,118.5,61.9,🔥 即將創高,鋼構需求穩健 長榮鋼在手訂單創高 中鋼構能見度達明年Q3 - news.cnyes.com,🔴 偏多 (創高),🔥 即將創高
2227,裕日車,56.1,8.1,💤 低檔盤整,,-,💤 低檔盤整
2241,艾姆勒,36.2,71.2,🐂 強勢多頭,,-,🐂 強勢多頭
2247,汎德永業,295.0,9.3,⚡ 底部翻揚,台灣BMW汎德永業決議上半年配息6.5元、配發率近6成 - Yahoo,消息中性,⚡ 底部翻揚
2250,IKKA-KY,75.3,5.8,⚡ 底部翻揚,IKKA-KY(2250)搶攻無人載具商機！子公司Sol-plus零件量產倒數，下半年動能再添一箭 - 優分析UAnalyze,消息中性,⚡ 底部翻揚
2301,光寶科,158.0,120.7,🐂 強勢多頭,,-,🐂 強勢多頭
2305,全友,10.65,17.7,💤 低檔盤整,,-,💤 低檔盤整
2308,台達電,942.0,235.8,🐂 強勢多頭,,-,🐂 強勢多頭
2313,華通,85.3,93.2,🐂 強勢多頭,,-,🐂 強勢多頭
2316,楠梓電,117.5,287.8,🚀 突破新高,【Hot台股】楠梓電連亮3顆漲停燈！網嗨喊「陳爸太猛帳面賺5千萬元」 分析師2理由勸勿追 - Yahoo,"🔴 偏多 (漲停,強勢)",🚀 突破新高
2317,鴻海,231.0,105.3,🐂 強勢多頭,,-,🐂 強勢多頭
2323,中環,9.39,40.1,🐂 強勢多頭,,-,🐂 強勢多頭
2327,國巨,236.0,75.5,💤 低檔盤整,,-,💤 低檔盤整
2329,華泰,47.0,81.1,📉 高檔回檔,,-,📉 高檔回檔
2330,台積電,1435.0,82.8,🔥 即將創高,台積電logo大揭密！tsmc小寫意義、11個小黑點代表什麼？公司元老親自解釋 - Yahoo,消息中性,🔥 即將創高
2331,精英,20.9,58.3,🐂 強勢多頭,,-,🐂 強勢多頭
2332,友訊,15.75,7.9,⚡ 底部翻揚,友訊聚焦整合解決方案，佈局網通全生態 - 台視全球資訊網,消息中性,⚡ 底部翻揚
2337,旺宏,33.7,97.7,📉 高檔回檔,,-,📉 高檔回檔
2344,華邦電,56.9,315.3,🐂 強勢多頭,,-,🐂 強勢多頭
2345,智邦,1030.0,136.8,🐂 強勢多頭,,-,🐂 強勢多頭
2347,聯強,62.0,11.7,⚡ 底部翻揚,聯強Q4旺季+換機潮，助攻業務動能增強- 新聞 - MoneyDJ,🔴 偏多 (旺季),⚡ 底部翻揚
2353,宏碁,27.25,0.7,🟢 歷史極低,,-,🟢 歷史極低
2360,致茂,811.0,261.2,🔥 即將創高,納入MSCI新成分股＋法說行情！「這檔」盤中閃現6600元終場噴破5% 致茂漲近半根 - Yahoo,"🔴 偏多 (法說,成長)",🔥 即將創高
2362,藍天,40.95,16.8,💤 低檔盤整,,-,💤 低檔盤整
2364,倫飛,69.1,16.9,💤 低檔盤整,,-,💤 低檔盤整
2365,昆盈,33.6,22.6,💤 低檔盤整,,-,💤 低檔盤整
2368,金像電,627.0,340.0,🚀 突破新高,【本周新聞熱門股TOP10】AI題材強勢回歸！聯發科漲停領軍，記憶體卻爆量重挫，台股上演資金大挪移 - sinotrade.com.tw,"🔴 偏多 (強勢,漲停,重挫)",🚀 突破新高
2369,菱生,20.1,77.1,🐂 強勢多頭,,-,🐂 強勢多頭
2371,大同,32.7,3.8,🟢 歷史極低,,-,🟢 歷史極低
2375,凱美,93.2,105.7,📉 高檔回檔,,-,📉 高檔回檔
2377,微星,107.0,5.9,⚡ 底部翻揚,〈熱門股〉微星AI伺服器、車充、機器人三線並進 外資抄底連六買超2.6萬張 - news.cnyes.com,"🔴 偏多 (買超,獲利)",⚡ 底部翻揚
2382,廣達,281.5,57.7,🐂 強勢多頭,,-,🐂 強勢多頭
2383,台光電,1495.0,267.3,🚀 突破新高,Gemini 3炒旺PCB...金像電、台光電、定穎、欣興、聯茂誰最有戲？老手點名他：產品報價飆8倍 - 上市櫃 - 旺得富理財網,消息中性,🚀 突破新高
2385,群光,119.5,2.6,🟢 歷史極低,,-,🟢 歷史極低
2387,精元,40.15,3.5,🟢 歷史極低,,-,🟢 歷史極低
2388,威盛,51.3,6.0,⚡ 底部翻揚,晶心科2024年營收創新高 威盛攀18 年來新高 - MSN,"🔴 偏多 (營收,成長)",⚡ 底部翻揚
2390,云辰,9.28,11.7,⚡ 底部翻揚,【2025/09月營收公告】云辰(2390) 九月營收創近2個月以來新高，月增3.84%-CMoney 小編 - cmnews.com.tw,🔴 偏多 (營收),⚡ 底部翻揚
2392,正崴,39.2,4.8,🟢 歷史極低,,-,🟢 歷史極低
2393,億光,52.1,3.2,🟢 歷史極低,,-,🟢 歷史極低
2395,研華,288.0,4.2,🟢 歷史極低,,-,🟢 歷史極低
2397,友通,62.4,17.1,💤 低檔盤整,,-,💤 低檔盤整
2401,凌陽,20.0,11.7,⚡ 底部翻揚,凌陽創新Q4營運淡，明年筆電市場僅力求持平- 新聞 - MoneyDJ,🔴 偏多 (法說),⚡ 底部翻揚
2406,國碩,21.6,128.6,🐂 強勢多頭,,-,🐂 強勢多頭
2408,南亞科,146.0,429.0,🐂 強勢多頭,,-,🐂 強勢多頭
2409,友達,11.5,8.5,⚡ 底部翻揚,中傑-KY攜手友達光電簽MOU　共推智慧工廠技術創新 - ETtoday財經雲,消息中性,⚡ 底部翻揚
2412,中華電,131.0,5.6,💤 低檔盤整,,-,💤 低檔盤整
2413,環科,29.25,74.1,🚀 突破新高,反攻戰開打？「這封測廠」突然爆衝！環科才列注意股又亮燈 - Yahoo,🟢 偏空 (虧損),🚀 突破新高
2417,圓剛,36.4,15.6,💤 低檔盤整,,-,💤 低檔盤整
2420,新巨,49.65,10.0,⚡ 底部翻揚,新巨(2420)- - 券商分點進出買賣統計｜股市爆料同學會 - CMoney,"🔴 偏多 (營收,成長,法說)",⚡ 底部翻揚
2421,建準,166.0,149.6,📉 高檔回檔,,-,📉 高檔回檔
2425,承啟,28.55,13.1,⚡ 底部翻揚,2425 承啟- 承啟的未來前景整理承啟(2425)近年來營運表現受到中國...｜CMoney 股市爆料同學會 - CMoney,🔴 偏多 (營收),⚡ 底部翻揚
2426,鼎元,16.1,23.4,💤 低檔盤整,,-,💤 低檔盤整
2428,興勤,188.0,72.5,📉 高檔回檔,,-,📉 高檔回檔
2431,聯昌,11.4,11.8,⚡ 底部翻揚,【09:42 即時新聞】聯昌(2431)強勢攻高，突破年線、主力買盤點火，東元集團AI題材帶動盤中亮眼表現 - cmnews.com.tw,🔴 偏多 (強勢),⚡ 底部翻揚
2433,互盛電,47.85,0.6,🟢 歷史極低,,-,🟢 歷史極低
2438,翔耀,25.45,16.5,💤 低檔盤整,,-,💤 低檔盤整
2439,美律,104.0,12.7,💤 低檔盤整,,-,💤 低檔盤整
2440,太空梭,12.55,8.2,💤 低檔盤整,,-,💤 低檔盤整
2441,超豐,69.8,53.6,📉 高檔回檔,,-,📉 高檔回檔
2444,兆勁,11.15,7.7,⚡ 底部翻揚,兆勁看好非網通三大成長引擎，移動能源最靚- 新聞 - MoneyDJ,🔴 偏多 (成長),⚡ 底部翻揚
2449,京元電子,222.0,209.2,🔥 即將創高,MSCI調整今盤後生效！東元京元電等6檔入列、信驊股價逼漲停…台積電權重下修最多，增刪名單一次看 - 今周刊,"🔴 偏多 (漲停,下修,成長,強勢)",🔥 即將創高
2450,神腦,28.9,2.3,🟢 歷史極低,,-,🟢 歷史極低
2451,創見,192.0,144.6,🐂 強勢多頭,,-,🐂 強勢多頭
2453,凌群,52.2,2.6,🟢 歷史極低,,-,🟢 歷史極低
2459,敦吉,66.6,21.1,🐂 強勢多頭,,-,🐂 強勢多頭
2460,建通,16.3,14.0,⚡ 底部翻揚,建通前3季每股虧2.59元精簡東莞廠人力啟動轉型| 產經 - 中央社 CNA,消息中性,⚡ 底部翻揚
2461,光群雷,15.15,12.2,⚡ 底部翻揚,2461 光群雷- 光群雷的未來前景整理光群雷近年來積極調整經營策略，專注於...｜CMoney 股市爆料同學會 - CMoney,"🔴 偏多 (法說,成長)",⚡ 底部翻揚
2466,冠西電,53.1,8.6,⚡ 底部翻揚,【12:21 即時新聞】冠西電(2466)急漲6.6%，融資融券暫停衝擊籌碼，光電本業壓力未解 - cmnews.com.tw,"🔴 偏多 (強勢,漲停,跌停)",⚡ 底部翻揚
2467,志聖,197.5,80.4,🐂 強勢多頭,,-,🐂 強勢多頭
2468,華經,43.75,31.2,💤 低檔盤整,,-,💤 低檔盤整
2471,資通,50.6,9.1,⚡ 底部翻揚,驊宏資通「GufoNotes 慧議通」加速政府AI落地 打造行政效率與資安雙標準 | CTWANT - LINE TODAY,消息中性,⚡ 底部翻揚
2472,立隆電,108.5,77.0,🐂 強勢多頭,,-,🐂 強勢多頭
2474,可成,201.5,13.8,💤 低檔盤整,,-,💤 低檔盤整
2478,大毅,61.9,76.4,📉 高檔回檔,,-,📉 高檔回檔
2481,強茂,85.7,121.7,🐂 強勢多頭,,-,🐂 強勢多頭
2482,連宇,17.2,8.9,⚡ 底部翻揚,開發非接觸式讀卡機，連宇通過國際發卡組織認證- 新聞 - MoneyDJ,🔴 偏多 (營收),⚡ 底部翻揚
2485,兆赫,21.5,117.2,🚀 突破新高,【09:59 即時新聞】兆赫(2485)強勢漲逾6%，法人買盤推升，低軌衛星題材再掀波瀾 - cmnews.com.tw,"🔴 偏多 (強勢,營收,買超,漲停)",🚀 突破新高
2488,漢平,45.55,15.2,💤 低檔盤整,,-,💤 低檔盤整
2491,吉祥全,14.6,54.5,🐂 強勢多頭,,-,🐂 強勢多頭
2492,華新科,119.5,79.7,🐂 強勢多頭,,-,🐂 強勢多頭
2493,揚博,93.3,33.5,💤 低檔盤整,,-,💤 低檔盤整
2495,普安,28.85,43.5,🐂 強勢多頭,,-,🐂 強勢多頭
2496,卓越,68.2,6.9,💤 低檔盤整,,-,💤 低檔盤整
2504,國產,35.4,5.0,⚡ 底部翻揚,陸國產DRAM崛起！中國長鑫存儲發布DDR5與LPDDR5X 速率直逼三星、SK海力士國際大廠 - news.cnyes.com,消息中性,⚡ 底部翻揚
2505,國揚,19.15,14.7,⚡ 底部翻揚,國揚、新潤 前三季獲利站高崗 - Yahoo,🔴 偏多 (獲利),⚡ 底部翻揚
2506,太設,9.59,1.2,🟢 歷史極低,,-,🟢 歷史極低
2511,太子,8.32,4.8,🟢 歷史極低,,-,🟢 歷史極低
2514,龍邦,14.75,2.4,🟢 歷史極低,,-,🟢 歷史極低
2516,新建,14.4,2.9,🟢 歷史極低,,-,🟢 歷史極低
2520,冠德,33.0,3.3,🟢 歷史極低,,-,🟢 歷史極低
2524,京城,44.4,11.8,⚡ 底部翻揚,杏運常在、喜柿連連…京城「溫暖」文創 把秋色帶回家 - 聯合新聞網,消息中性,⚡ 底部翻揚
2528,皇普,30.35,13.5,⚡ 底部翻揚,【搶先看】皇普 (2528) 營收19年新高 入帳大年迎來機會 //BC股倉 - cmnews.com.tw,🔴 偏多 (營收),⚡ 底部翻揚
2530,華建,28.4,4.6,🟢 歷史極低,,-,🟢 歷史極低
2534,宏盛,20.4,2.0,🟢 歷史極低,,-,🟢 歷史極低
2535,達欣工,63.0,30.0,🔥 即將創高,AI建廠潮熱翻！「這檔」吃下台積、聯發科大廠新案 全年可望再創新高 - Yahoo,🟢 偏空 (賣超),🔥 即將創高
2536,宏普,26.2,3.6,🟢 歷史極低,,-,🟢 歷史極低
2537,聯上發,10.85,11.6,⚡ 底部翻揚,【10:42 即時新聞】聯上發(2537)盤中強勢上攻，外資連日買超助攻，營建族群受新青安政策題材點火 - cmnews.com.tw,"🔴 偏多 (買超,強勢,營收,衰退)",⚡ 底部翻揚
2538,基泰,11.1,6.2,⚡ 底部翻揚,史上最高違約金！基泰忠孝交易告吹 「賓利哥」6億遭沒收 - Yahoo,消息中性,⚡ 底部翻揚
2539,櫻花建,45.65,4.7,🟢 歷史極低,,-,🟢 歷史極低
2540,愛山林,48.5,5.4,⚡ 底部翻揚,愛山林、宏匯三度聯手　2000億「全台最大捷運聯開案」簽約 - ETtoday房產雲,消息中性,⚡ 底部翻揚
2542,興富發,38.25,5.8,⚡ 底部翻揚,興富發(2542)最壞情況已過！推案穩定、殖利率 7% 可存股嗎？-不敗教主陳重銘 - cmnews.com.tw,消息中性,⚡ 底部翻揚
2543,皇昌,62.0,6.2,⚡ 底部翻揚,史上最大 LNG 單一海事工程18日開標 皇昌：準備7年、全力以赴 - 經濟日報,消息中性,⚡ 底部翻揚
2545,皇翔,39.35,4.0,🟢 歷史極低,,-,🟢 歷史極低
2546,根基,89.2,27.2,🔥 即將創高,沉睡AI巨人Google甦醒 雄厚根基逆襲OpenAI、NVIDIA - DIGITIMES,🔴 偏多 (營收),🔥 即將創高
2547,日勝生,10.7,2.4,🟢 歷史極低,,-,🟢 歷史極低
2548,華固,103.5,9.6,⚡ 底部翻揚,快訊／原定明日開案！華固央北案接待中心大火 現場傳爆炸、屋頂垮 - 奇摩新聞,🔴 偏多 (營收),⚡ 底部翻揚
2597,潤弘,168.5,14.6,⚡ 底部翻揚,台股法說｜潤弘(2597)獲4檔ETF青睞！788項專利預鑄工法 0707｜豐雲學堂 2025 年 11 月 - sinotrade.com.tw,🔴 偏多 (法說),⚡ 底部翻揚
2601,益航,5.55,3.5,🟢 歷史極低,,-,🟢 歷史極低
2603,長榮,180.5,5.6,💤 低檔盤整,,-,💤 低檔盤整
2605,新興,25.3,37.9,🐂 強勢多頭,,-,🐂 強勢多頭
2607,榮運,58.3,121.7,🔥 即將創高,榮運(2607)-華南永昌-大安 - 券商分點進出買賣統計｜股市爆料同學會 - CMoney,消息中性,🔥 即將創高
2608,嘉里大榮,33.75,1.5,🟢 歷史極低,,-,🟢 歷史極低
2609,陽明,52.1,2.2,🟢 歷史極低,,-,🟢 歷史極低
2610,華航,19.3,5.5,⚡ 底部翻揚,全球暨台灣企業永續獎公布長榮及華航獲獎| 生活 - 中央社 CNA,消息中性,⚡ 底部翻揚
2611,志信,15.05,4.2,🟢 歷史極低,,-,🟢 歷史極低
2612,中航,58.2,72.4,🔥 即將創高,中航前三季EPS4.21元、全年估與去年相當　明年看好西非添貨量 - ETtoday財經雲,🔴 偏多 (旺季),🔥 即將創高
2613,中櫃,24.4,11.4,⚡ 底部翻揚,持有中櫃一成股票逾6年　中航賣出中櫃股票1萬多張獲利1.6億元 - ETtoday財經雲,🔴 偏多 (獲利),⚡ 底部翻揚
2614,東森,22.4,49.3,🔥 即將創高,東森深度周報／車險3大陷阱 保錯不賠！天災、自撞、砸傷自認倒楣 - 奇摩新聞,消息中性,🔥 即將創高
2616,山隆,13.65,0.7,🟢 歷史極低,,-,🟢 歷史極低
2617,台航,30.65,32.4,🐂 強勢多頭,,-,🐂 強勢多頭
2618,長榮航,34.15,3.0,🟢 歷史極低,,-,🟢 歷史極低
2633,台灣高鐵,27.85,9.4,🔥 即將創高,T-Shopping 高鐵線上購推寶島箱 下單免運再送半價券 - 經濟日報,消息中性,🔥 即將創高
2642,宅配通,26.85,8.7,⚡ 底部翻揚,物流員盼春節團圓 工會向速達、 宅配通提協商 - MSN,🔴 偏多 (營收),⚡ 底部翻揚
2701,萬企,11.15,4.7,🟢 歷史極低,,-,🟢 歷史極低
2702,華園,11.75,5.4,⚡ 底部翻揚,2025臺中市傳統藝術巡演-明華園日字戲劇團《青陽大大爺》 - 臺中觀光旅遊網,消息中性,⚡ 底部翻揚
2704,國賓,43.35,9.6,⚡ 底部翻揚,《動物方城市2》11/26上映！威秀、秀泰、國賓等影城特典、套票、快閃店一次看－活動旅遊全攻略 - 商周,消息中性,⚡ 底部翻揚
2705,六福,16.5,10.0,💤 低檔盤整,,-,💤 低檔盤整
2706,第一店,13.1,5.2,⚡ 底部翻揚,2706 第一店- 現金股利每股0.35元，發放10/23｜CMoney 股市爆料同學會 - CMoney,"🔴 偏多 (營收,成長)",⚡ 底部翻揚
2707,晶華,192.0,1.6,🟢 歷史極低,,-,🟢 歷史極低
2712,遠雄來,19.2,7.9,⚡ 底部翻揚,個股：遠雄來(2712)11/27受邀參加元大證券舉辦之線上法人說明會 - 富聯網,消息中性,⚡ 底部翻揚
2723,美食-KY,69.9,16.1,💤 低檔盤整,,-,💤 低檔盤整
2727,王品,215.5,9.4,⚡ 底部翻揚,【王品集團】極鍋炙烤祭 悠遊付最高18%回饋 - 卡優新聞網,消息中性,⚡ 底部翻揚
2731,雄獅,175.5,70.4,🔥 即將創高,雄獅樂齡族群國旅多日遊占比逾半！總座黃信川：明年推「高年級觀光志工」 - Yahoo,消息中性,🔥 即將創高
2739,寒舍,36.3,6.8,⚡ 底部翻揚,常溫、冷藏、冷凍一次備齊 台北寒舍艾美酒店外賣年菜預購優惠開跑 - Yahoo,消息中性,⚡ 底部翻揚
2748,雲品,43.45,2.0,🟢 歷史極低,,-,🟢 歷史極低
2801,彰銀,20.45,24.7,🔥 即將創高,【彰銀法說】明年現金股利將加碼 整體有望優於今年 - Yahoo,"🔴 偏多 (法說,獲利)",🔥 即將創高
2820,華票,16.65,16.8,🔥 即將創高,華票獲利挑戰五年來最高紀錄 總經理魏政祥「債券評價全面轉正」 - Yahoo,"🔴 偏多 (獲利,創高,成長,營收)",🔥 即將創高
2832,台產,54.6,90.2,🚀 突破新高,台產減資最後交易日！股價不漲反跌…3.6萬股民11/13領股利 - Yahoo,🔴 偏多 (獲利),🚀 突破新高
2834,臺企銀,15.9,22.8,🔥 即將創高,【台企銀法說】談明年股利 副總乙增祥：股票為主 - Yahoo,"🔴 偏多 (法說,獲利)",🔥 即將創高
2836,高雄銀,12.1,18.0,🔥 即將創高,《金融股》高雄銀前3季獲利登峰 明年1月開辦財管2.0業務 - 富聯網,"🔴 偏多 (獲利,營收,成長)",🔥 即將創高
2838,聯邦銀,19.5,27.5,🔥 即將創高,聯邦銀行前進臺北啟聰學校 首度舉辦全手語兒童理財營 - 卡優新聞網,消息中性,🔥 即將創高
2845,遠東銀,12.65,7.7,⚡ 底部翻揚,遠東銀明年股利上看0.8元 股票、現金各半 - Yahoo,消息中性,⚡ 底部翻揚
2850,新產,118.5,25.9,🔥 即將創高,眾福科桃園新產線切入無人機 跟佳世達一起飛 - DIGITIMES,消息中性,🔥 即將創高
2852,第一保,28.05,14.0,⚡ 底部翻揚,第一保今年獲利至少拚次高，隱含現金殖利率可期- 新聞 - MoneyDJ,🔴 偏多 (獲利),⚡ 底部翻揚
2867,三商壽,7.25,47.7,🔥 即將創高,玉山金併三商壽震撼市場！13天拍板、躍居金控第5大 黃男州回應5大質疑 - 財訊,消息中性,🔥 即將創高
2880,華南金,29.1,16.2,🔥 即將創高,賣掉虧損華南永昌投信？ 華南金表態了 - Yahoo,消息中性,🔥 即將創高
2881,富邦金,93.9,30.2,🔥 即將創高,富邦金總座韓蔚廷：股利政策現金為主 - Yahoo,🔴 偏多 (法說),🔥 即將創高
2882,國泰金,65.8,32.9,🔥 即將創高,採用多AI代理架構，國泰金控如何打造出更聰明的AI雲端架構師團隊 - iThome,消息中性,🔥 即將創高
2883,開發金,15.9,12.8,⚡ 底部翻揚,77萬股東放心！股利入帳 凱基金7月獲利賺51億元月增四成 - Yahoo,🔴 偏多 (獲利),⚡ 底部翻揚
2885,元大金,36.5,33.7,🔥 即將創高,元大金榮獲TCSA「百大永續典範企業」 共獲11項大獎肯定 - 中央社 CNA,消息中性,🔥 即將創高
2886,兆豐金,40.55,14.1,⚡ 底部翻揚,兆豐金：明年股利發放率約75％ - Yahoo,消息中性,⚡ 底部翻揚
2887,台新金,18.65,31.3,🐂 強勢多頭,,-,🐂 強勢多頭
2889,國票金,16.7,42.1,🔥 即將創高,公股持股2成穩拿國票金經營權？傳台鋼力爭明年改選指派董座 - 聯合新聞網,消息中性,🔥 即將創高
2890,永豐金,27.25,42.7,🔥 即將創高,永豐金 包辦TCSA 11項大獎 - 經濟日報,消息中性,🔥 即將創高
2891,中信金,44.0,29.4,🔥 即將創高,2026金控配息1表看》玉山金殖利率僅排第4 「中信金EPS上看4元」 法人估殖利率逼近6％的是它- 上市櫃 - 旺得富理財網,消息中性,🔥 即將創高
2892,第一金,27.85,14.1,💤 低檔盤整,,-,💤 低檔盤整
2897,王道銀行,9.1,4.4,🟢 歷史極低,,-,🟢 歷史極低
2905,三商,15.65,44.9,🐂 強勢多頭,,-,🐂 強勢多頭
2906,高林,13.3,2.7,🟢 歷史極低,,-,🟢 歷史極低
2908,特力,20.45,7.1,🔥 即將創高,72歲二次創業拚特力屋興櫃 特力「五金皇后」：面對川普，想辦法活著！ - 天下雜誌,🔴 偏多 (營收),🔥 即將創高
2910,統領,21.15,5.7,⚡ 底部翻揚,桃園統領廣場歡慶七週年慶 「樂7來，愛能量再起動！」盛大登場 - 經濟日報,消息中性,⚡ 底部翻揚
2911,麗嬰房,4.36,0.2,🟢 歷史極低,,-,🟢 歷史極低
2912,統一超,239.0,3.5,🟢 歷史極低,,-,🟢 歷史極低
2913,農林,13.65,3.4,🟢 歷史極低,,-,🟢 歷史極低
2915,潤泰全,55.4,12.3,⚡ 底部翻揚,潤泰全第3季 EPS 2.7元 轉投資進補 - 經濟日報,消息中性,⚡ 底部翻揚
2929,淘帝-KY,8.24,2.9,🟢 歷史極低,,-,🟢 歷史極低
2939,凱羿-KY,24.95,2.9,🟢 歷史極低,,-,🟢 歷史極低
3002,歐格,23.75,118.9,🐂 強勢多頭,,-,🐂 強勢多頭
3003,健和興,48.05,4.5,🟢 歷史極低,,-,🟢 歷史極低
3011,今皓,12.35,11.8,💤 低檔盤整,,-,💤 低檔盤整
3014,聯陽,121.0,12.6,⚡ 底部翻揚,【公告】聯陽受邀參加宏遠證券股份有限公司所舉辦之法人說明會 - Yahoo,🔴 偏多 (營收),⚡ 底部翻揚
3017,奇鋐,1395.0,309.7,🐂 強勢多頭,,-,🐂 強勢多頭
3021,鴻名,17.25,15.0,⚡ 底部翻揚,鴻名員工涉盜賣存貨檢調搜索約談| 社會 - 中央社 CNA,消息中性,⚡ 底部翻揚
3022,威強電,65.1,4.5,🟢 歷史極低,,-,🟢 歷史極低
3023,信邦,222.0,19.0,💤 低檔盤整,,-,💤 低檔盤整
3024,憶聲,10.4,4.1,🟢 歷史極低,,-,🟢 歷史極低
3025,星通,46.55,11.4,⚡ 底部翻揚,【2025/10月營收公告】星通(3025) 十月營收年增50.12％ - CMoney,"🔴 偏多 (營收,成長)",⚡ 底部翻揚
3026,禾伸堂,106.5,48.5,📉 高檔回檔,,-,📉 高檔回檔
3027,盛達,23.05,2.4,🟢 歷史極低,,-,🟢 歷史極低
3029,零壹,115.5,13.2,⚡ 底部翻揚,少年股神再度翻車？零壹爆2830 萬元違約交割 - MSN,🔴 偏多 (成長),⚡ 底部翻揚
3033,威健,30.3,9.2,⚡ 底部翻揚,【12:55 即時新聞】威健(3033)盤中強勢突破，法人買盤力挺、技嘉獨家代理題材發酵，短線多頭動能明顯 - cmnews.com.tw,🔴 偏多 (強勢),⚡ 底部翻揚
3034,聯詠,393.5,3.4,🟢 歷史極低,,-,🟢 歷史極低
3035,智原,172.0,15.4,💤 低檔盤整,,-,💤 低檔盤整
3036,文曄,142.0,76.0,🐂 強勢多頭,,-,🐂 強勢多頭
3037,欣興,187.0,165.6,🚀 突破新高,Gemini 3炒旺PCB...金像電、台光電、定穎、欣興、聯茂誰最有戲？老手點名他：產品報價飆8倍 - 上市櫃 - 旺得富理財網,🔴 偏多 (成長),🚀 突破新高
3038,全台,20.7,12.2,⚡ 底部翻揚,甲山林、宏匯強強聯手 全台最大捷運聯開案總銷2500億元！ - Yahoo,消息中性,⚡ 底部翻揚
3041,揚智,25.35,22.5,💤 低檔盤整,,-,💤 低檔盤整
3042,晶技,84.0,11.4,⚡ 底部翻揚,石英元件業者搶攻AI應用商機- 日報 - 工商時報,🔴 偏多 (營收),⚡ 底部翻揚
3043,科風,20.8,4.5,🟢 歷史極低,,-,🟢 歷史極低
3044,健鼎,308.5,108.4,🐂 強勢多頭,,-,🐂 強勢多頭
3045,台灣大,108.5,2.8,🟢 歷史極低,,-,🟢 歷史極低
3047,訊舟,17.5,6.1,⚡ 底部翻揚,康全電訊爆內線交易 訊舟、 康全董座遭搜索約談 - MSN,消息中性,⚡ 底部翻揚
3049,精金,6.73,15.4,💤 低檔盤整,,-,💤 低檔盤整
3050,鈺德,11.6,6.4,⚡ 底部翻揚,【25Q2財報公告】鈺德(3050) Q2 營收3.0988億元，刷下近3季新高，季增2.56%、年成長3.7%-CMoney 小編 - cmnews.com.tw,"🔴 偏多 (營收,成長)",⚡ 底部翻揚
3051,力特,18.6,3.9,🟢 歷史極低,,-,🟢 歷史極低
3052,夆典,11.3,13.0,⚡ 底部翻揚,夆典光電事業握2億元訂單 外銷佔7成 - DIGITIMES,消息中性,⚡ 底部翻揚
3054,立萬利,23.75,26.7,🐂 強勢多頭,,-,🐂 強勢多頭
3056,富華新,18.7,3.9,🟢 歷史極低,,-,🟢 歷史極低
3057,喬鼎,15.05,89.5,🐂 強勢多頭,,-,🐂 強勢多頭
3058,立德,10.1,11.6,⚡ 底部翻揚,新莊再添利多！大咖建商插旗 啟動立德段都更122年完工 - 自由時報,消息中性,⚡ 底部翻揚
3060,銘異,28.9,50.9,🔥 即將創高,【11:58 即時新聞】銘異(3060)盤中強彈逾5%，短線量能放大但籌碼偏空，AI伺服器題材吸引資金迴流 - cmnews.com.tw,"🔴 偏多 (強勢,營收,漲停)",🔥 即將創高
3092,鴻碩,14.95,14.1,⚡ 底部翻揚,鴻碩攜伴 布局東南亞充電站 - 聯合新聞網,🔴 偏多 (買超),⚡ 底部翻揚
3130,一零四,225.0,9.2,💤 低檔盤整,,-,💤 低檔盤整
3167,大量,196.5,230.8,📉 高檔回檔,,-,📉 高檔回檔
3189,景碩,141.0,130.4,🐂 強勢多頭,,-,🐂 強勢多頭
3209,全科,33.35,14.0,⚡ 底部翻揚,【13:21 即時新聞】全科(3209)盤中反彈3.7%，ESG指數剔除壓力下短線技術面仍偏弱，法人評等持續看好通訊與AI題材 - cmnews.com.tw,"🔴 偏多 (營收,成長,法說)",⚡ 底部翻揚
3231,緯創,145.5,94.8,🐂 強勢多頭,,-,🐂 強勢多頭
3266,昇陽,13.75,3.4,🟢 歷史極低,,-,🟢 歷史極低
3296,勝德,20.1,14.5,⚡ 底部翻揚,勝德H2展望樂觀越南廠扮新引擎- 日報 - 工商時報,消息中性,⚡ 底部翻揚
3308,聯德,14.65,2.1,🟢 歷史極低,,-,🟢 歷史極低
3311,閎暉,31.85,6.3,⚡ 底部翻揚,買下FDK，閎暉(3311)不只做汽車零件，還搶下稀土資源 - 優分析UAnalyze,🔴 偏多 (旺季),⚡ 底部翻揚
3312,弘憶股,36.85,3.7,🟢 歷史極低,,-,🟢 歷史極低
3346,麗清,18.95,4.7,🟢 歷史極低,,-,🟢 歷史極低
3376,新日興,199.5,18.8,💤 低檔盤整,,-,💤 低檔盤整
3406,玉晶光,445.0,47.6,📉 高檔回檔,,-,📉 高檔回檔
3419,譁裕,12.65,2.4,🟢 歷史極低,,-,🟢 歷史極低
3437,榮創,13.75,5.4,⚡ 底部翻揚,榮創車用營收躍主引擎 - 經濟日報,"🔴 偏多 (營收,成長,法說)",⚡ 底部翻揚
3443,創意,2135.0,150.3,🔥 即將創高,創意太兇遭列注意股！10月自結每股盈餘1.45元 年增18% - Yahoo,🔴 偏多 (漲停),🔥 即將創高
3447,展達,51.6,21.3,💤 低檔盤整,,-,💤 低檔盤整
3454,晶睿,87.2,11.8,⚡ 底部翻揚,晶睿通訊攜手中興大學 結合安防專案以「安全地圖」行動復育南投種瓜溪 - news.cnyes.com,消息中性,⚡ 底部翻揚
3494,誠研,7.24,-6.6,🟢 歷史極低,,-,🟢 歷史極低
3504,揚明光,49.2,24.1,💤 低檔盤整,,-,💤 低檔盤整
3530,晶相光,59.7,18.0,💤 低檔盤整,,-,💤 低檔盤整
3535,晶彩科,77.7,183.1,🐂 強勢多頭,,-,🐂 強勢多頭
3543,州巧,45.0,206.1,🐂 強勢多頭,,-,🐂 強勢多頭
3545,敦泰,52.6,7.5,⚡ 底部翻揚,驅動IC競爭劇敦泰、天鈺加速轉型- 日報 - 工商時報,"🔴 偏多 (營收,成長)",⚡ 底部翻揚
3557,嘉威,35.8,3.3,🟢 歷史極低,,-,🟢 歷史極低
3576,聯合再生,6.2,3.3,🟢 歷史極低,,-,🟢 歷史極低
3588,通嘉,46.8,17.4,💤 低檔盤整,,-,💤 低檔盤整
3591,艾笛森,18.2,8.3,⚡ 底部翻揚,違反重訊處理規定 「這家」公司遭重罰5萬！ - MSN,"🔴 偏多 (營收,成長)",⚡ 底部翻揚
3592,瑞鼎,219.0,6.1,⚡ 底部翻揚,瑞鼎Q3每股賺4.53元；估Q4整體需求轉弱- 新聞 - MoneyDJ,🔴 偏多 (法說),⚡ 底部翻揚
3596,智易,186.5,4.8,🟢 歷史極低,,-,🟢 歷史極低
3607,谷崧,13.55,12.9,⚡ 底部翻揚,【25Q3財報公告】谷崧(3607) Q3 營收7.1401億元，創下近2季新低，季減 9.33％、年衰退 16.41％ - CMoney,消息中性,⚡ 底部翻揚
3617,碩天,202.5,3.3,🟢 歷史極低,,-,🟢 歷史極低
3622,洋華,66.2,62.7,📉 高檔回檔,,-,📉 高檔回檔
3645,達邁,53.2,25.2,💤 低檔盤整,,-,💤 低檔盤整
3652,精聯,29.1,17.6,💤 低檔盤整,,-,💤 低檔盤整
3653,健策,2715.0,259.1,🚀 突破新高,AI高功耗帶動散熱升級，健策明年可望率先發酵- 新聞 - MoneyDJ,消息中性,🚀 突破新高
3665,貿聯-KY,1540.0,770.1,📉 高檔回檔,,-,📉 高檔回檔
3669,圓展,29.5,9.1,⚡ 底部翻揚,圓展雙鏡頭視訊會議系統奪台灣精品銀質獎 - 經濟日報,消息中性,⚡ 底部翻揚
3673,TPK-KY,41.45,59.1,🔥 即將創高,TPK-KY斥資58億元收購奕力23.83%股權 瞄準半導體與 AI布局 - news.cnyes.com,🔴 偏多 (獲利),🔥 即將創高
3679,新至陞,115.5,3.6,🟢 歷史極低,,-,🟢 歷史極低
3701,大眾控,31.3,22.5,💤 低檔盤整,,-,💤 低檔盤整
3702,大聯大,68.1,29.7,🐂 強勢多頭,,-,🐂 強勢多頭
3703,欣陸,22.8,10.7,⚡ 底部翻揚,欣陸財報／第3季 EPS 0.51元 淨賺4.23億元、年減24.6％ - 經濟日報,"🔴 偏多 (獲利,衰退,營收,法說)",⚡ 底部翻揚
3705,永信,57.2,10.2,⚡ 底部翻揚,永信藥品無菌針劑擴廠動工 布局高端製劑產能2029年完工投產 - 奇摩新聞,消息中性,⚡ 底部翻揚
3706,神達,90.2,110.0,🐂 強勢多頭,,-,🐂 強勢多頭
3711,日月光投控,230.5,100.4,🐂 強勢多頭,,-,🐂 強勢多頭
3712,永崴投控,26.6,5.1,⚡ 底部翻揚,本週復盤| 玻纖布、記憶體、被動元件重返榮耀? 股價拉回怎麼看? 森崴能源、正崴、永崴投控股價跌停鎖死! 正崴集團發生什麼事?本週熱門股TOP20都在這裡！【研究觀點】｜豐雲學堂2025 年 11 月 - sinotrade.com.tw,🟢 偏空 (跌停),⚡ 底部翻揚
3714,富采,32.35,9.7,⚡ 底部翻揚,LED 廠轉型切入機器人鏈 富采、億光營運添新動能 - 經濟日報,消息中性,⚡ 底部翻揚
3715,定穎投控,118.0,237.1,🐂 強勢多頭,,-,🐂 強勢多頭
4104,佳醫,82.1,2.8,🟢 歷史極低,,-,🟢 歷史極低
4106,雃博,22.0,13.1,⚡ 底部翻揚,雃博(4106)-凱基-台南 - 券商分點進出買賣統計｜股市爆料同學會 - CMoney,消息中性,⚡ 底部翻揚
4119,旭富,49.75,5.9,⚡ 底部翻揚,旭富短期營運偏淡，期待客戶新藥取證- 新聞 - MoneyDJ,消息中性,⚡ 底部翻揚
4133,亞諾法,23.0,5.0,⚡ 底部翻揚,看好奈米抗體發展，亞諾法切入新領域- 新聞 - MoneyDJ,消息中性,⚡ 底部翻揚
4155,訊映,15.1,8.2,⚡ 底部翻揚,訊映(4155)114年股東常會重要決議事項 - 環球生技月刊,🔴 偏多 (營收),⚡ 底部翻揚
4164,承業醫,39.3,9.8,⚡ 底部翻揚,焦點股：承業醫持續擴充醫療版圖，今年幅照廠、 連鎖藥局業績可期待 - MSN,🔴 偏多 (法說),⚡ 底部翻揚
4306,炎洲,13.6,5.0,⚡ 底部翻揚,炎洲打入新能源車市場，開發UV膠線束膠帶- 新聞 - MoneyDJ,消息中性,⚡ 底部翻揚
4426,利勤,10.0,1.3,🟢 歷史極低,,-,🟢 歷史極低
4439,冠星-KY,104.5,34.7,🔥 即將創高,冠星-KY(4439)-第一金 - 券商分點進出買賣統計｜股市爆料同學會 - CMoney,"🔴 偏多 (營收,創高)",🔥 即將創高
4532,瑞智,23.95,7.4,⚡ 底部翻揚,瑞智前3季EPS 1.5元；將買回1萬張庫藏股- 新聞 - MoneyDJ,"🔴 偏多 (成長,獲利)",⚡ 底部翻揚
4536,拓凱,167.5,14.7,⚡ 底部翻揚,拓凱調整產品結構，明年航太及其他類產品擁動能- 新聞 - MoneyDJ,消息中性,⚡ 底部翻揚
4540,全球傳動,35.25,6.2,⚡ 底部翻揚,全球傳動Q4營收攀峰，毛利率有望改善- 新聞 - MoneyDJ,消息中性,⚡ 底部翻揚
4545,銘鈺,32.65,18.5,💤 低檔盤整,,-,💤 低檔盤整
4552,力達-KY,23.5,33.5,🐂 強勢多頭,,-,🐂 強勢多頭
4557,永新-KY,72.6,11.3,⚡ 底部翻揚,永新-KY 9月營收來到今年低，與FBG協商還款中- 新聞 - MoneyDJ,消息中性,⚡ 底部翻揚
4560,強信-KY,31.5,8.6,⚡ 底部翻揚,強信2025年上半年 EPS 1.47元 - 經濟日報,🔴 偏多 (營收),⚡ 底部翻揚
4562,穎漢,36.0,3.0,🟢 歷史極低,,-,🟢 歷史極低
4564,元翎,16.8,15.9,💤 低檔盤整,,-,💤 低檔盤整
4566,時碩工業,53.5,7.9,⚡ 底部翻揚,4566 時碩工業- 時碩佈局多元，瞄準AI伺服器市場｜CMoney 股市爆料同學會 - CMoney,消息中性,⚡ 底部翻揚
4572,駐龍,154.0,9.2,⚡ 底部翻揚,駐龍上半年獲利衰退7成 為何吸引可成逆勢加碼？ - 財訊,消息中性,⚡ 底部翻揚
4576,大銀微系統,105.0,14.9,⚡ 底部翻揚,大銀微系統 多維度定位平台 獲台灣精品金質獎 - peopo.org,消息中性,⚡ 底部翻揚
4583,台灣精銳,620.0,15.9,💤 低檔盤整,,-,💤 低檔盤整
4588,玖鼎電力,60.5,4.5,🟢 歷史極低,,-,🟢 歷史極低
4720,德淵,14.05,4.5,🟢 歷史極低,,-,🟢 歷史極低
4722,國精化,171.0,290.0,🐂 強勢多頭,,-,🐂 強勢多頭
4736,泰博,124.5,6.9,⚡ 底部翻揚,【新聞稿】泰博科技強迫勞動、打壓工會， 泰博工會揭發公司惡行！ - 公民行動影音紀錄資料庫,🔴 偏多 (法說),⚡ 底部翻揚
4739,康普,68.3,72.0,🐂 強勢多頭,,-,🐂 強勢多頭
4763,材料-KY,55.6,4.5,🟢 歷史極低,,-,🟢 歷史極低
4770,上品,214.0,6.7,⚡ 底部翻揚,《化工股》上品前三季每股盈餘8.4元｜新聞快訊｜豐雲學堂 - sinotrade.com.tw,消息中性,⚡ 底部翻揚
4771,望隼,181.0,8.7,⚡ 底部翻揚,產能滿載到極限急開新產線！望隼(4771)隱形眼鏡放量在即，五大市場並進營收要炸了嗎？ - 優分析UAnalyze,🔴 偏多 (營收),⚡ 底部翻揚
4904,遠傳,88.9,10.2,💤 低檔盤整,,-,💤 低檔盤整
4912,聯德控股-KY,85.5,12.9,⚡ 底部翻揚,克服學習曲線 聯德控股10月營收飆三年多以來高點 - Yahoo,"🔴 偏多 (營收,獲利,漲停)",⚡ 底部翻揚
4915,致伸,83.5,37.3,🐂 強勢多頭,,-,🐂 強勢多頭
4919,新唐,53.0,6.4,⚡ 底部翻揚,新唐因日本子公司產能連兩季虧損！董座蘇源茂：拚重返 2023 年水準 - TechNews 科技新報,🟢 偏空 (虧損),⚡ 底部翻揚
4927,泰鼎-KY,20.6,3.8,🟢 歷史極低,,-,🟢 歷史極低
4935,茂林-KY,42.8,13.8,⚡ 底部翻揚,調整策略茂林下半年拚佳績- 日報 - 工商時報,🔴 偏多 (強勢),⚡ 底部翻揚
4938,和碩,71.5,4.1,🟢 歷史極低,,-,🟢 歷史極低
4942,嘉彰,38.0,9.7,⚡ 底部翻揚,網通新單帶動嘉彰近月營收動能，越南廠明年投產- 新聞 - MoneyDJ,"🔴 偏多 (營收,成長)",⚡ 底部翻揚
4952,凌通,35.95,4.5,🟢 歷史極低,,-,🟢 歷史極低
4956,光鋐,19.4,8.7,⚡ 底部翻揚,〈焦點股〉光鋐出量噴漲停 車用與感測需求強勁力拚明年營運成長 - news.cnyes.com,"🔴 偏多 (成長,漲停)",⚡ 底部翻揚
4961,天鈺,143.0,4.0,🟢 歷史極低,,-,🟢 歷史極低
4967,十銓,128.5,107.9,📉 高檔回檔,,-,📉 高檔回檔
4968,立積,140.0,22.8,💤 低檔盤整,,-,💤 低檔盤整
4976,佳凌,31.65,37.6,💤 低檔盤整,,-,💤 低檔盤整
4989,榮科,40.05,196.7,📉 高檔回檔,,-,📉 高檔回檔
4999,鑫禾,23.4,3.1,🟢 歷史極低,,-,🟢 歷史極低
5203,訊連,99.5,12.9,⚡ 底部翻揚,訊連科技客戶案例 - Google Cloud,消息中性,⚡ 底部翻揚
5215,科嘉-KY,36.85,13.4,💤 低檔盤整,,-,💤 低檔盤整
5234,達興材料,341.5,171.0,🐂 強勢多頭,,-,🐂 強勢多頭
5243,乙盛-KY,82.6,119.1,📉 高檔回檔,,-,📉 高檔回檔
5258,虹堡,65.2,11.6,⚡ 底部翻揚,《業績-電週邊》虹堡10月營收為6.95億元，年增1.63%｜新聞快訊｜豐雲學堂 - sinotrade.com.tw,"🔴 偏多 (營收,法說,獲利)",⚡ 底部翻揚
5269,祥碩,1270.0,9.0,⚡ 底部翻揚,嘉澤、祥碩投資高速傳輸IC廠嘉雨思12月下旬上市- 新聞 - MoneyDJ,"🔴 偏多 (營收,創高,獲利)",⚡ 底部翻揚
5283,禾聯碩,61.9,6.4,⚡ 底部翻揚,〈熱門股〉禾聯碩谷底彈升15%為除權息暖身 第二品牌成營收增長主力 - Yahoo,"🔴 偏多 (營收,衰退)",⚡ 底部翻揚
5284,jpp-KY,283.5,162.5,🐂 強勢多頭,,-,🐂 強勢多頭
5285,界霖,50.8,34.4,📉 高檔回檔,,-,📉 高檔回檔
5288,豐祥-KY,136.0,24.2,💤 低檔盤整,,-,💤 低檔盤整
5388,中磊,83.3,4.8,🟢 歷史極低,,-,🟢 歷史極低
5469,瀚宇博,106.5,174.8,🔥 即將創高,焦點股：AI需求強勁，瀚宇博積極擴產，股價量增挑戰區間高點 - Yahoo,🔴 偏多 (漲停),🔥 即將創高
5515,建國,33.0,41.3,🚀 突破新高,虎尾建國眷村藝術進駐計畫開跑 廣邀創作者徵件中 - TDN台灣生活新聞,消息中性,🚀 突破新高
5521,工信,14.9,48.3,🔥 即將創高,《營建股》工信 喜迎傳統旺季｜新聞快訊｜豐雲學堂 - sinotrade.com.tw,"🔴 偏多 (旺季,漲停)",🔥 即將創高
5522,遠雄,60.9,14.5,⚡ 底部翻揚,估房市「明年比今年好」 遠雄將推9案、總銷飆800億 - MSN,消息中性,⚡ 底部翻揚
5525,順天,28.5,8.6,⚡ 底部翻揚,苗栗傾倒毒液案外案 土地棄置廢玻璃鉛超標84倍 - 公視新聞網PNN,消息中性,⚡ 底部翻揚
5531,鄉林,9.07,3.0,🟢 歷史極低,,-,🟢 歷史極低
5533,皇鼎,14.5,1.4,🟢 歷史極低,,-,🟢 歷史極低
5534,長虹,77.7,5.4,⚡ 底部翻揚,長虹今除息5.5元 首日開盤填息一度達三成 分析師：北士科案將帶來驚人獲利 - Yahoo,"🔴 偏多 (填息,獲利)",⚡ 底部翻揚
5546,永固-KY,22.45,-0.2,🟢 歷史極低,,-,🟢 歷史極低
5607,遠雄港,48.9,65.8,🐂 強勢多頭,,-,🐂 強勢多頭
5706,鳳凰,51.9,13.3,⚡ 底部翻揚,網評陸劇「帝后權謀」TOP8排行榜！除了《鳳凰臺上》&《藏海傳》，這部經典不可能沒看過！ - ELLE,消息中性,⚡ 底部翻揚
5871,中租-KY,104.0,10.3,💤 低檔盤整,,-,💤 低檔盤整
5876,上海商銀,39.4,0.6,🟢 歷史極低,,-,🟢 歷史極低
5880,合庫金,23.85,8.7,💤 低檔盤整,,-,💤 低檔盤整
5907,大洋-KY,5.68,4.2,🟢 歷史極低,,-,🟢 歷史極低
6108,競國,12.85,1.6,🟢 歷史極低,,-,🟢 歷史極低
6115,鎰勝,46.85,1.8,🟢 歷史極低,,-,🟢 歷史極低
6128,上福,23.0,3.4,🟢 歷史極低,,-,🟢 歷史極低
6136,富爾特,23.7,11.8,⚡ 底部翻揚,【2025/09月營收公告】富爾特(6136) 九月營收表現亮眼、呈現雙成長，創近68個月以來新高，年增101.78% - cmnews.com.tw,"🔴 偏多 (營收,成長)",⚡ 底部翻揚
6139,亞翔,447.0,154.0,🐂 強勢多頭,,-,🐂 強勢多頭
6152,百一,8.29,7.7,⚡ 底部翻揚,"大摩：FED終將降息，標普五百一年後上看7,800點 - MoneyDJ",消息中性,⚡ 底部翻揚
6153,嘉聯益,15.75,55.9,🐂 強勢多頭,,-,🐂 強勢多頭
6155,鈞寶,36.65,105.9,🔥 即將創高,【12:10 即時新聞】鈞寶(6155)盤中震盪走高，籌碼分歧下短線波動加劇，被動元件漲價題材續吸資金 - cmnews.com.tw,🔴 偏多 (獲利),🔥 即將創高
6164,華興,9.72,9.2,⚡ 底部翻揚,2026加州健保大調整 華興保險提醒福利縮水 - 東森美洲電視ETTV America,消息中性,⚡ 底部翻揚
6166,凌華,61.8,13.0,⚡ 底部翻揚,凌華今年EPS拚3年高；專案數衝百個再添動能- 新聞 - MoneyDJ,🔴 偏多 (法說),⚡ 底部翻揚
6176,瑞儀,120.5,3.0,🟢 歷史極低,,-,🟢 歷史極低
6184,大豐電,47.65,2.9,🟢 歷史極低,,-,🟢 歷史極低
6189,豐藝,46.55,8.9,⚡ 底部翻揚,《電通股》豐藝前三季每股淨利1.82元｜新聞快訊｜豐雲學堂 - sinotrade.com.tw,🔴 偏多 (成長),⚡ 底部翻揚
6191,精成科,128.5,163.9,🐂 強勢多頭,,-,🐂 強勢多頭
6196,帆宣,231.5,79.5,🐂 強勢多頭,,-,🐂 強勢多頭
6202,盛群,37.3,13.0,⚡ 底部翻揚,盛群半導體2025新產品發表會 智慧賦能引領永續發展 - DIGITIMES,"🔴 偏多 (營收,法說)",⚡ 底部翻揚
6205,詮欣,38.85,5.0,🟢 歷史極低,,-,🟢 歷史極低
6206,飛捷,96.1,6.2,⚡ 底部翻揚,上下半年營收估五五比，飛捷今年EPS拚7元 - MoneyDJ,🔴 偏多 (營收),⚡ 底部翻揚
6209,今國光,59.4,168.8,🚀 突破新高,今國光力拚遠紅外線鏡頭「世界第一」 低軌衛星也傳切入美系供應鏈捷報 - DIGITIMES,🔴 偏多 (成長),🚀 突破新高
6216,居易,26.35,2.9,🟢 歷史極低,,-,🟢 歷史極低
6224,聚鼎,42.05,11.5,⚡ 底部翻揚,聚鼎科技再爆內線交易！ 創投大老150萬交保 - 奇摩新聞,消息中性,⚡ 底部翻揚
6230,尼得科超眾,113.0,5.1,⚡ 底部翻揚,尼得科超眾(6230)-高橋-內壢 - 券商分點進出買賣統計｜股市爆料同學會 - CMoney,"🔴 偏多 (營收,成長,法說)",⚡ 底部翻揚
6243,迅杰,28.3,4.0,🟢 歷史極低,,-,🟢 歷史極低
6257,矽格,98.5,72.8,🐂 強勢多頭,,-,🐂 強勢多頭
6271,同欣電,123.5,47.2,🐂 強勢多頭,,-,🐂 強勢多頭
6277,宏正,63.4,9.3,⚡ 底部翻揚,宏正2025年營運表現穩健營收邁入成長佳境 - 奇摩新聞,"🔴 偏多 (營收,成長)",⚡ 底部翻揚
6281,全國電,65.0,3.8,🟢 歷史極低,,-,🟢 歷史極低
6285,啟碁,102.5,6.8,⚡ 底部翻揚,AI救不了傳統網通？啟碁、中磊、明泰前三季獲利縮水 法人點出「三大痛點」 - 工商時報,消息中性,⚡ 底部翻揚
6409,旭隼,1140.0,24.9,💤 低檔盤整,,-,💤 低檔盤整
6412,群電,92.4,8.7,⚡ 底部翻揚,群電第3季三率三升 獲利季增59%每股賺1.85元 - 中央社 CNA,"🔴 偏多 (獲利,營收)",⚡ 底部翻揚
6414,樺漢,296.0,36.7,🐂 強勢多頭,,-,🐂 強勢多頭
6415,矽力*-KY,197.0,9.7,⚡ 底部翻揚,股價打出地板？矽力*-KY 獲法人同步轉偏多 - 理財周刊,🟢 偏空 (疲弱),⚡ 底部翻揚
6416,瑞祺電通,78.7,5.6,⚡ 底部翻揚,瑞祺電通進軍高階資安市場 - CMoney,"🔴 偏多 (營收,成長)",⚡ 底部翻揚
6431,光麗-KY,21.25,41.7,🔥 即將創高,光麗-KY(6431)達公布注意交易資訊標準，故公布114年10月每股虧損0.27元(11/26股價21.3元) - genetinfo.com,🟢 偏空 (虧損),🔥 即將創高
6438,迅得,132.0,11.9,⚡ 底部翻揚,迅得今年營收拚新高明年會更好- 新聞 - MoneyDJ,🔴 偏多 (營收),⚡ 底部翻揚
6442,光聖,1255.0,324.0,🔥 即將創高,漲瘋了！網通新股王光聖半個月狂飆47%...今再寫1345元新天價 - Yahoo,🔴 偏多 (強勢),🔥 即將創高
6443,元晶,12.95,8.4,⚡ 底部翻揚,《能源週》元晶推最強抗颱太陽能模組明年拼轉盈- 新聞 - MoneyDJ,🟢 偏空 (虧損),⚡ 底部翻揚
6446,藥華藥,523.0,17.4,💤 低檔盤整,,-,💤 低檔盤整
6456,GIS-KY,42.75,19.7,💤 低檔盤整,,-,💤 低檔盤整
6464,台數科,78.4,4.4,🔥 即將創高,光纖 x 5G x AI智慧！台數科集團以數位匯流領航轉型 多元引擎厚植永續營運 - 天下雜誌,消息中性,🔥 即將創高
6472,保瑞,548.0,7.5,⚡ 底部翻揚,保瑞:現股價確實委屈；明年藥品銷售不看淡- 新聞 - MoneyDJ,"🔴 偏多 (法說,成長)",⚡ 底部翻揚
6491,晶碩,313.5,7.4,⚡ 底部翻揚,6491 晶碩 - 🔥 晶碩放話，2026 年挑戰雙位數成長！ 🔥 晶碩（...｜CMoney 股市爆料同學會 - CMoney,"🔴 偏多 (成長,營收,法說)",⚡ 底部翻揚
6504,南六,44.75,7.1,⚡ 底部翻揚,南六(6504)董事會通過民國114年前三季EPS虧損2.15元，與去年同期EPS0.26元盈轉虧(11/7股價42.35元) - genetinfo.com,"🟢 偏空 (虧損,營收,衰退)",⚡ 底部翻揚
6505,台塑化,52.0,68.0,📉 高檔回檔,,-,📉 高檔回檔
6515,穎崴,2750.0,290.6,🚀 突破新高,前景樂觀旺矽、穎崴權證夯- 日報 - 工商時報,🔴 偏多 (營收),🚀 突破新高
6526,達發,449.5,6.3,⚡ 底部翻揚,達發強化乙太網晶片生態鏈；明年新品量產助攻- 新聞 - MoneyDJ,"🔴 偏多 (營收,成長)",⚡ 底部翻揚
6531,愛普*,416.5,115.8,🔥 即將創高,【12:41 即時新聞】愛普*(6531)盤中強漲4.5%，ETF換股題材加持，技術面多方訊號明確，AI記憶體領域受法人青睞 - CMoney,消息中性,🔥 即將創高
6533,晶心科,278.0,15.8,💤 低檔盤整,,-,💤 低檔盤整
6541,泰福-KY,53.7,11.6,⚡ 底部翻揚,"營收速報 - 泰福-KY(6541)10月營收4,684萬元年增率高達4650.61％｜新聞快訊｜豐雲學堂 - sinotrade.com.tw",🔴 偏多 (營收),⚡ 底部翻揚
6550,北極星藥業-KY,31.65,20.1,💤 低檔盤整,,-,💤 低檔盤整
6552,易華電,24.45,6.3,⚡ 底部翻揚,景碩、易華電展望正向 - 經濟日報,🔴 偏多 (營收),⚡ 底部翻揚
6558,興能高,36.55,5.3,⚡ 底部翻揚,《業績-其他電》興能高10月營收為0.71億元，年減23.07%｜新聞快訊｜豐雲學堂 - sinotrade.com.tw,🔴 偏多 (營收),⚡ 底部翻揚
6573,虹揚-KY,16.75,98.9,🐂 強勢多頭,,-,🐂 強勢多頭
6579,研揚,110.5,4.7,🟢 歷史極低,,-,🟢 歷史極低
6585,鼎基,90.1,4.3,🟢 歷史極低,,-,🟢 歷史極低
6592,和潤企業,63.5,5.3,⚡ 底部翻揚,和潤企業增持 HFC MICROFINANCE 股權 強化東南亞布局 - 聯合新聞網,消息中性,⚡ 底部翻揚
6605,帝寶,140.5,12.4,⚡ 底部翻揚,人在鹿港 但跟客戶說正在歐洲！帝寶二代用勤快跑出英國頂級超跑大單 - 經濟日報,消息中性,⚡ 底部翻揚
6606,建德工業,25.15,8.2,⚡ 底部翻揚,建德工業董座榮獲第一屆台灣傑出企藝菁英獎- 商情 - 工商時報,"🔴 偏多 (營收,成長)",⚡ 底部翻揚
6641,基士德-KY,19.25,0.3,🟢 歷史極低,,-,🟢 歷史極低
6657,華安,46.05,12.0,⚡ 底部翻揚,華安醫學買回庫藏股900張 泡泡龍孤兒藥F703EB啟動美國二期臨床試驗 - news.cnyes.com,消息中性,⚡ 底部翻揚
6658,聯策,48.8,5.2,⚡ 底部翻揚,聯策Q3營收估持穩向上，全年挑戰新高 - 新聞 - MoneyDJ,"🔴 偏多 (營收,成長,跌停)",⚡ 底部翻揚
6668,中揚光,38.1,21.5,💤 低檔盤整,,-,💤 低檔盤整
6669,緯穎,4450.0,183.4,🐂 強勢多頭,,-,🐂 強勢多頭
6670,復盛應用,240.5,3.9,🟢 歷史極低,,-,🟢 歷史極低
6689,伊雲谷,63.7,4.4,🟢 歷史極低,,-,🟢 歷史極低
6691,洋基工程,486.0,33.5,🔥 即將創高,洋基工程搶進美國，圍繞台積電擴廠尋求訂單 - 台視全球資訊網,消息中性,🔥 即將創高
6695,芯鼎,43.9,21.8,💤 低檔盤整,,-,💤 低檔盤整
6715,嘉基,89.2,7.0,⚡ 底部翻揚,短期多重用藥恐致命！嘉基研究證實抗膽鹼藥提高心臟驟停風險 - 聯合新聞網,消息中性,⚡ 底部翻揚
6742,澤米,43.2,7.7,⚡ 底部翻揚,雙引擎帶動澤米展望佳- 日報 - 工商時報,消息中性,⚡ 底部翻揚
6743,安普新,29.55,5.7,⚡ 底部翻揚,迎接Q3旺季 安普新H2踩油門 - Yahoo,🔴 偏多 (旺季),⚡ 底部翻揚
6756,威鋒電子,76.6,4.9,🟢 歷史極低,,-,🟢 歷史極低
6770,力積電,33.15,177.4,🐂 強勢多頭,,-,🐂 強勢多頭
6781,AES-KY,1280.0,100.3,🐂 強勢多頭,,-,🐂 強勢多頭
6790,永豐實,38.05,3.1,🟢 歷史極低,,-,🟢 歷史極低
6796,晉弘,92.5,51.1,🔥 即將創高,晉弘估Q3匯兌影響轉小；Q4旺季營運仍可期- 新聞 - MoneyDJ,🔴 偏多 (旺季),🔥 即將創高
6799,來頡,78.6,9.6,⚡ 底部翻揚,6799 來頡- 1103來頡大漲| 半導體合作與WiFi 7技術佳音｜CMoney 股市爆料同學會 - CMoney,消息中性,⚡ 底部翻揚
6805,富世達,1560.0,315.4,🚀 突破新高,【09:43 即時新聞】富世達(6805)盤中強勢突破，技術面多頭排列，AI伺服器題材加持吸引法人買盤 - cmnews.com.tw,"🔴 偏多 (強勢,創高)",🚀 突破新高
6806,森崴能源,40.4,6.2,⚡ 底部翻揚,森崴風暴延燒富崴、九崴 董座胡惠森請辭下台 - 自由財經,消息中性,⚡ 底部翻揚
6807,峰源-KY,46.0,1.1,🟢 歷史極低,,-,🟢 歷史極低
6830,汎銓,157.0,59.2,🐂 強勢多頭,,-,🐂 強勢多頭
6863,永道-KY,114.0,7.5,⚡ 底部翻揚,永道海外布局 加速度 - 經濟日報,🔴 偏多 (營收),⚡ 底部翻揚
6901,鑽石投資,16.7,2.5,🟢 歷史極低,,-,🟢 歷史極低
6914,阜爾運通,147.0,23.0,📉 高檔回檔,,-,📉 高檔回檔
8016,矽創,181.0,11.4,⚡ 底部翻揚,個股：矽創(8016)11/27受邀參加第一金證券舉辦之機構法人線上座談會 - 富聯網,🔴 偏多 (營收),⚡ 底部翻揚
8021,尖點,133.5,519.5,🔥 即將創高,今日漲停跌停股｜AI、PCB 與高階半導體領軍飆漲！尖點、金像電、穩懋強勢攻頂，洞察台股升級新週期 1125 - sinotrade.com.tw,"🔴 偏多 (強勢,漲停,跌停,營收)",🔥 即將創高
8039,台虹,71.5,116.0,🚀 突破新高,需求勝預期台虹2026成長動能點火- 日報 - 工商時報,"🔴 偏多 (成長,營收,漲停,法說)",🚀 突破新高
8046,南電,260.5,240.1,🐂 強勢多頭,,-,🐂 強勢多頭
8070,長華*,45.45,46.4,🐂 強勢多頭,,-,🐂 強勢多頭
8072,陞泰,30.95,25.3,💤 低檔盤整,,-,💤 低檔盤整
8110,華東,35.8,252.7,🐂 強勢多頭,,-,🐂 強勢多頭
8114,振樺電,190.0,7.0,⚡ 底部翻揚,蘇威元：振樺電小金雞攻晶片檢測商機 大吃谷歌.輝達訂單 - Yahoo,🔴 偏多 (成長),⚡ 底部翻揚
8131,福懋科,40.95,75.8,🐂 強勢多頭,,-,🐂 強勢多頭
8150,南茂,43.25,103.1,📉 高檔回檔,,-,📉 高檔回檔
8163,達方,31.55,4.1,🟢 歷史極低,,-,🟢 歷史極低
8210,勤誠,965.0,416.0,🐂 強勢多頭,,-,🐂 強勢多頭
8215,明基材,19.95,5.3,⚡ 底部翻揚,明基材醫療產品營收比重看升 - Yahoo,🔴 偏多 (營收),⚡ 底部翻揚
8222,寶一,43.0,14.5,⚡ 底部翻揚,8222 寶一- 寶一：台灣版「鋼鐵人」？｜CMoney 股市爆料同學會 - CMoney,"🔴 偏多 (營收,成長)",⚡ 底部翻揚
8271,宇瞻,96.8,170.0,📉 高檔回檔,,-,📉 高檔回檔
8374,羅昇,77.8,12.3,⚡ 底部翻揚,焦點股：羅昇開盤秒填息，三大事業體齊攻， 今年營收可望雙位數成長 - MSN,"🔴 偏多 (營收,成長,填息)",⚡ 底部翻揚
8411,福貞-KY,12.4,12.7,💤 低檔盤整,,-,💤 低檔盤整
8422,可寧衛,24.0,14.8,⚡ 底部翻揚,可寧衛*分割後再度挑戰史高 做對波段爽賺2成 - 理財周刊,消息中性,⚡ 底部翻揚
8429,金麗-KY,7.76,4.9,🟢 歷史極低,,-,🟢 歷史極低
8442,威宏-KY,71.5,9.0,⚡ 底部翻揚,第一類接觸／威宏搶搭輕奢、運動風氣 多品牌布局營收衝百億 | 集中市場 | 證券 - 經濟日報,🔴 偏多 (營收),⚡ 底部翻揚
8443,阿瘦,11.05,7.8,💤 低檔盤整,,-,💤 低檔盤整
8454,富邦媒,228.0,2.7,🟢 歷史極低,,-,🟢 歷史極低
8462,柏文,155.5,41.4,📉 高檔回檔,,-,📉 高檔回檔
8463,潤泰材,26.1,27.9,🔥 即將創高,1111潤泰材大漲 | 基建需求預期推升股價 - CMoney,🔴 偏多 (法說),🔥 即將創高
8466,美吉吉-KY,23.0,3.6,🟢 歷史極低,,-,🟢 歷史極低
8467,波力-KY,159.0,18.7,💤 低檔盤整,,-,💤 低檔盤整
8476,台境,17.9,0.3,🟢 歷史極低,,-,🟢 歷史極低
8481,政伸,40.9,1.0,🟢 歷史極低,,-,🟢 歷史極低
8926,台汽電,41.7,11.1,⚡ 底部翻揚,《油電股》台汽電擬現增1億股｜新聞快訊｜豐雲學堂 - sinotrade.com.tw,消息中性,⚡ 底部翻揚
9904,寶成,30.6,13.8,⚡ 底部翻揚,南山人壽拖累，寶成營收年減3.5%，還能買？艾蜜莉點出1關鍵，靜待便宜價 - Smart自學網,🔴 偏多 (營收),⚡ 底部翻揚
9905,大華,20.15,1.3,🟢 歷史極低,,-,🟢 歷史極低
9906,欣巴巴,49.35,11.9,⚡ 底部翻揚,1126欣巴巴大漲 | 住宅政策加持籌碼集中 - CMoney,消息中性,⚡ 底部翻揚
9908,大台北,30.1,0.7,🟢 歷史極低,,-,🟢 歷史極低
9910,豐泰,129.0,46.6,🐂 強勢多頭,,-,🐂 強勢多頭
9911,櫻花,84.0,1.8,🟢 歷史極低,,-,🟢 歷史極低
9912,偉聯,11.75,11.9,💤 低檔盤整,,-,💤 低檔盤整
9914,美利達,95.3,7.8,⚡ 底部翻揚,(9914) 美利達法說會 2025/11、美利達展望、美利達財報、美利達投資亮點｜理柴知道:法說最速報! - 方格子 - vocus,"🔴 偏多 (法說,營收)",⚡ 底部翻揚
9917,中保科,108.0,2.4,🟢 歷史極低,,-,🟢 歷史極低
9921,巨大,103.5,13.7,⚡ 底部翻揚,"巨大(9921)積極處理美國WRO事件 認列7,000萬台幣補償移工盼明年Q1解禁 - 優分析UAnalyze",消息中性,⚡ 底部翻揚
9924,福興,53.6,29.5,🔥 即將創高,福興今年EPS料創8年低，美降息有助明年成長- 新聞 - MoneyDJ,🔴 偏多 (成長),🔥 即將創高
9930,中聯資源,71.3,11.8,💤 低檔盤整,,-,💤 低檔盤整
9934,成霖,9.76,2.6,🟢 歷史極低,,-,🟢 歷史極低
9935,慶豐富,21.0,10.5,⚡ 底部翻揚,慶豐富18億聯貸 敲定 - 聯合新聞網,消息中性,⚡ 底部翻揚
9937,全國,57.1,1.6,🟢 歷史極低,,-,🟢 歷史極低
9938,百和,56.2,16.2,💤 低檔盤整,,-,💤 低檔盤整
9939,宏全,127.0,4.1,🟢 歷史極低,,-,🟢 歷史極低
9940,信義,22.85,6.8,⚡ 底部翻揚,信義區找人「妹子秋冬三件套」都一樣！ 網笑翻：公發的嗎 - 奇摩新聞,消息中性,⚡ 底部翻揚
9941,裕融,96.4,6.1,⚡ 底部翻揚,金管會納管後，中租-KY、裕融、和潤企業...租賃三雄投資機會到了嗎？ | 個人理財 | 理財 - 經濟日報,🔴 偏多 (法說),⚡ 底部翻揚
9942,茂順,105.0,5.7,⚡ 底部翻揚,茂順(9942)每年股利不低於 7 元！Q2 匯損影響 EPS，展望後續動能是...？-小資女艾蜜莉 - cmnews.com.tw,"🔴 偏多 (創高,法說)",⚡ 底部翻揚
9945,潤泰新,30.3,5.2,⚡ 底部翻揚,【25Q3財報公告】潤泰新(9945) Q3 營收91.003億元，連2季成長，季增 0.75％、年成長 5.99％ - CMoney,"🔴 偏多 (營收,成長)",⚡ 底部翻揚
9946,三發地產,17.7,8.6,⚡ 底部翻揚,【2025/10月營收公告】三發地產(9946) 十月營收表現亮眼、呈現雙成長，創近10個月以來新高，年增59.44% - CMoney,"🔴 偏多 (營收,成長,法說)",⚡ 底部翻揚
9958,世紀鋼,141.0,8.0,⚡ 底部翻揚,離岸風電建置難度高，世紀鋼、森崴能源、永冠-KY股價疲弱！ - 理財周刊,消息中性,⚡ 底部翻揚
